runAt,date,tickId,state,mode,model,routedModel,promptTokens,completionTokens,totalTokens,cost,changedPaths,checkStatus,checkExit,reason
2026-06-15T21:46:59Z,2026-06-15,2026-06-15-214659Z,unparseable,live,openrouter/free,google/gemma-4-31b-it-20260402:free | liquid/lfm-2.5-1.2b-instruct-20260120:free | liquid/lfm-2.5-1.2b-thinking-20260120:free,33287,1413,34700,0,,not_run,None,fenced block did not look like a unified diff
2026-06-16T01:29:03Z,2026-06-16,2026-06-16-012903Z,held,live,openrouter/free,nex-agi/nex-n2-pro:free | nex-agi/nex-n2-pro:free | nvidia/nemotron-3-nano-omni-30b-a3b-reasoning-20260428:free,38224,1616,39840,0,MEMORY.md,not_run,None,git apply --check did not accept patch
2026-06-16T03:49:16Z,2026-06-16,2026-06-16-034916Z,landed,live,openrouter/free,liquid/lfm-2.5-1.2b-thinking-20260120:free | poolside/laguna-xs.2-20260421:free | openai/gpt-oss-120b:free,47391,2773,50164,0,MEMORY.md,accepted,0,patch applied and checks accepted it
2026-06-16T06:44:04Z,2026-06-16,2026-06-16-064404Z,landed,live,openrouter/free,nvidia/nemotron-3-nano-30b-a3b:free | nvidia/nemotron-nano-9b-v2:free | poolside/laguna-xs.2-20260421:free,46365,3283,49648,0,MEMORY.md,accepted,0,patch applied and checks accepted it
2026-06-16T09:11:46Z,2026-06-16,2026-06-16-091146Z,held,live,openrouter/free,nvidia/nemotron-3-ultra-550b-a55b-20260604:free | poolside/laguna-xs.2-20260421:free | nex-agi/nex-n2-pro:free,48511,1530,50041,0,MEMORY.md site/index.html,not_run,None,git apply --check did not accept patch
2026-06-16T11:31:31Z,2026-06-16,2026-06-16-113131Z,unparseable,live,openrouter/free,nex-agi/nex-n2-pro:free | openai/gpt-oss-120b:free | liquid/lfm-2.5-1.2b-thinking-20260120:free,50785,1769,52554,0,,not_run,None,response was not exactly one fenced diff block
2026-06-16T14:06:51Z,2026-06-16,2026-06-16-140651Z,held,live,openrouter/free,nvidia/nemotron-nano-12b-v2-vl:free | liquid/lfm-2.5-1.2b-thinking-20260120:free | nvidia/nemotron-3-ultra-550b-a55b-20260604:free,51145,1310,52455,0,MEMORY.md site/index.html,not_run,None,git apply --check did not accept patch
2026-06-16T16:05:23Z,2026-06-16,2026-06-16-160523Z,held,live,openrouter/free,nvidia/nemotron-3-super-120b-a12b-20230311:free | nvidia/nemotron-3-nano-omni-30b-a3b-reasoning-20260428:free | openai/gpt-oss-120b:free,51168,3210,54378,0,MEMORY.md,not_run,None,git apply --check did not accept patch
2026-06-16T18:26:26Z,2026-06-16,2026-06-16-182626Z,landed,live,openrouter/free,nvidia/nemotron-3-nano-30b-a3b:free | google/gemma-4-26b-a4b-it-20260403:free | poolside/laguna-xs.2-20260421:free,68868,13550,82418,0,MEMORY.md,accepted,0,patch applied and checks accepted it
2026-06-16T20:20:34Z,2026-06-16,2026-06-16-202034Z,held,live,openrouter/free,nvidia/nemotron-nano-9b-v2:free | poolside/laguna-xs.2-20260421:free | nvidia/nemotron-3-nano-omni-30b-a3b-reasoning-20260428:free,64708,9710,74418,0,MEMORY.md,not_run,None,git apply --check did not accept patch
2026-06-16T22:25:35Z,2026-06-16,2026-06-16-222535Z,held,live,openrouter/free,liquid/lfm-2.5-1.2b-thinking-20260120:free | poolside/laguna-m.1-20260312:free | nvidia/nemotron-3-ultra-550b-a55b-20260604:free,57852,3788,61640,0,MEMORY.md site/index.html,not_run,None,git apply --check did not accept patch
2026-06-17T01:26:48Z,2026-06-17,2026-06-17-012648Z,unparseable,live,openrouter/free,nvidia/nemotron-3-nano-30b-a3b:free | nvidia/nemotron-3-nano-omni-30b-a3b-reasoning-20260428:free | nvidia/nemotron-3-nano-30b-a3b:free,58808,19279,78087,0,,not_run,None,response was not exactly one fenced diff block
2026-06-17T03:48:54Z,2026-06-17,2026-06-17-034854Z,held,live,openrouter/free,liquid/lfm-2.5-1.2b-instruct-20260120:free | nvidia/nemotron-3-nano-omni-30b-a3b-reasoning-20260428:free | nvidia/nemotron-nano-12b-v2-vl:free,57936,2629,60565,0,MEMORY.md,not_run,None,git apply --check did not accept patch
2026-06-17T06:37:14Z,2026-06-17,2026-06-17-063714Z,landed,live,openrouter/free,nvidia/nemotron-3-super-120b-a12b-20230311:free | nvidia/nemotron-nano-12b-v2-vl:free | nvidia/nemotron-nano-9b-v2:free,60511,3710,64221,0,MEMORY.md,accepted,0,patch applied and checks accepted it
2026-06-17T09:02:48Z,2026-06-17,2026-06-17-090248Z,landed,live,openrouter/free,liquid/lfm-2.5-1.2b-thinking-20260120:free | liquid/lfm-2.5-1.2b-instruct-20260120:free | nvidia/nemotron-3-super-120b-a12b-20230311:free,60807,5230,66037,0,MEMORY.md,accepted,0,patch applied and checks accepted it
2026-06-17T11:21:03Z,2026-06-17,2026-06-17-112103Z,held,live,openrouter/free,nvidia/nemotron-3-nano-30b-a3b:free | nvidia/nemotron-3-ultra-550b-a55b-20260604:free | nvidia/nemotron-3-nano-omni-30b-a3b-reasoning-20260428:free,59704,7792,67496,0,MEMORY.md,not_run,None,git apply --check did not accept patch
2026-06-17T13:29:53Z,2026-06-17,2026-06-17-132953Z,landed,live,openrouter/free,poolside/laguna-m.1-20260312:free | poolside/laguna-xs.2-20260421:free | nvidia/nemotron-3-ultra-550b-a55b-20260604:free,63423,2622,66045,0,MEMORY.md site/index.html,accepted,0,patch applied and checks accepted it
2026-06-17T15:49:14Z,2026-06-17,2026-06-17-154914Z,landed,live,openrouter/free,liquid/lfm-2.5-1.2b-thinking-20260120:free | liquid/lfm-2.5-1.2b-thinking-20260120:free | openai/gpt-oss-120b:free,60321,2253,62574,0,MEMORY.md,accepted,0,patch applied and checks accepted it
2026-06-17T17:52:01Z,2026-06-17,2026-06-17-175201Z,held,live,openrouter/free,nvidia/nemotron-3-nano-30b-a3b:free | nvidia/nemotron-3-nano-30b-a3b:free | nvidia/nemotron-3-super-120b-a12b-20230311:free,61816,4284,66100,0,MEMORY.md site/index.html,not_run,None,git apply --check did not accept patch
2026-06-17T20:02:11Z,2026-06-17,2026-06-17-200211Z,held,live,openrouter/free,openai/gpt-oss-120b:free | openai/gpt-oss-120b:free | nex-agi/nex-n2-pro:free,59630,766,60396,0,MEMORY.md site/index.html,not_run,None,git apply --check did not accept patch
2026-06-17T22:21:49Z,2026-06-17,2026-06-17-222149Z,held,live,openrouter/free,openai/gpt-oss-20b:free | nvidia/nemotron-3-nano-30b-a3b:free | nvidia/nemotron-3-nano-30b-a3b:free,62814,5460,68274,0,MEMORY.md site/index.html,not_run,None,git apply --check did not accept patch
2026-06-18T01:24:28Z,2026-06-18,2026-06-18-012428Z,unparseable,live,openrouter/free,nex-agi/nex-n2-pro:free | cohere/north-mini-code-20260617:free | nvidia/nemotron-3-nano-30b-a3b:free,62613,6756,69369,0,MEMORY.md+++ MEMORY.md site/index.html,not_run,None,diff did not update MEMORY.md
2026-06-18T03:48:46Z,2026-06-18,2026-06-18-034846Z,held,live,openrouter/free,poolside/laguna-xs.2-20260421:free | openai/gpt-oss-120b:free | openai/gpt-oss-120b:free,60615,1888,62503,0,MEMORY.md site/index.html,not_run,None,git apply --check did not accept patch
2026-06-18T06:29:23Z,2026-06-18,2026-06-18-062923Z,held,live,openrouter/free,cohere/north-mini-code-20260617:free | nvidia/nemotron-3-nano-30b-a3b:free | nvidia/nemotron-3-ultra-550b-a55b-20260604:free,62377,14547,76924,0,MEMORY.md site/index.html,not_run,None,git apply --check did not accept patch
2026-06-18T08:55:59Z,2026-06-18,2026-06-18-085559Z,held,live,openrouter/free,nvidia/nemotron-nano-9b-v2:free | liquid/lfm-2.5-1.2b-thinking-20260120:free | nvidia/nemotron-nano-12b-v2-vl:free,64199,1599,65798,0,MEMORY.md,not_run,None,git apply --check did not accept patch
2026-06-18T11:06:30Z,2026-06-18,2026-06-18-110630Z,held,live,openrouter/free,cohere/north-mini-code-20260617:free | nvidia/nemotron-3-ultra-550b-a55b-20260604:free | poolside/laguna-m.1-20260312:free,62954,13668,76622,0,MEMORY.md,not_run,None,git apply --check did not accept patch
2026-06-18T13:27:20Z,2026-06-18,2026-06-18-132720Z,landed,live,openrouter/free,liquid/lfm-2.5-1.2b-instruct-20260120:free | poolside/laguna-m.1-20260312:free | cohere/north-mini-code-20260617:free,62183,2653,64836,0,MEMORY.md,accepted,0,patch applied and checks accepted it
2026-06-18T15:46:00Z,2026-06-18,2026-06-18-154600Z,landed,live,openrouter/free,nvidia/nemotron-3-super-120b-a12b-20230311:free | nex-agi/nex-n2-pro:free | nvidia/nemotron-3-ultra-550b-a55b-20260604:free,91683,13042,104725,0,MEMORY.md,accepted,0,patch applied and checks accepted it
2026-06-18T17:56:34Z,2026-06-18,2026-06-18-175634Z,unparseable,live,openrouter/free,nvidia/nemotron-3-nano-omni-30b-a3b-reasoning-20260428:free | nvidia/nemotron-3-nano-omni-30b-a3b-reasoning-20260428:free | nvidia/nemotron-3-nano-omni-30b-a3b-reasoning-20260428:free,65704,19402,85106,0,,not_run,None,response was not exactly one fenced diff block
2026-06-18T20:02:57Z,2026-06-18,2026-06-18-200257Z,landed,live,openrouter/free,nvidia/nemotron-3-nano-30b-a3b:free | nvidia/nemotron-nano-9b-v2:free | nvidia/nemotron-nano-9b-v2:free,66602,4787,71389,0,MEMORY.md,accepted,0,patch applied and checks accepted it
2026-06-18T22:27:13Z,2026-06-18,2026-06-18-222713Z,held,live,openrouter/free,liquid/lfm-2.5-1.2b-instruct-20260120:free | poolside/laguna-m.1-20260312:free | openai/gpt-oss-120b:free,63694,1270,64964,0,MEMORY.md site/index.html,not_run,None,git apply --check did not accept patch
2026-06-19T01:30:26Z,2026-06-19,2026-06-19-013026Z,held,live,openrouter/free,nvidia/nemotron-nano-9b-v2:free | nvidia/nemotron-3-nano-omni-30b-a3b-reasoning-20260428:free | nvidia/nemotron-3-ultra-550b-a55b-20260604:free,67574,2222,69796,0,MEMORY.md site/index.html,not_run,None,git apply --check did not accept patch
2026-06-19T03:49:09Z,2026-06-19,2026-06-19-034909Z,held,live,openrouter/free,nex-agi/nex-n2-pro:free | liquid/lfm-2.5-1.2b-thinking-20260120:free | nvidia/nemotron-nano-12b-v2-vl:free,67152,7692,74844,0,MEMORY.md,not_run,None,git apply --check did not accept patch
2026-06-19T06:38:01Z,2026-06-19,2026-06-19-063801Z,unparseable,live,openrouter/free,nex-agi/nex-n2-pro:free | nvidia/nemotron-3-nano-30b-a3b:free | cohere/north-mini-code-20260617:free,67273,16496,83769,0,,not_run,None,response was not exactly one fenced diff block
2026-06-19T09:03:48Z,2026-06-19,2026-06-19-090348Z,held,live,openrouter/free,nvidia/nemotron-3-nano-omni-30b-a3b-reasoning-20260428:free | nvidia/nemotron-nano-9b-v2:free | cohere/north-mini-code-20260617:free,67000,13402,80402,0,MEMORY.md site/index.html site/styles.css,not_run,None,git apply --check did not accept patch
2026-06-19T11:08:25Z,2026-06-19,2026-06-19-110825Z,held,live,openrouter/free,nvidia/nemotron-3-nano-omni-30b-a3b-reasoning-20260428:free | nex-agi/nex-n2-pro:free | poolside/laguna-xs.2-20260421:free,70070,4895,74965,0,MEMORY.md,not_run,None,git apply --check did not accept patch
2026-06-19T13:24:01Z,2026-06-19,2026-06-19-132401Z,landed,live,openrouter/free,liquid/lfm-2.5-1.2b-instruct-20260120:free | nvidia/nemotron-3-nano-30b-a3b:free | nvidia/nemotron-3-nano-30b-a3b:free,69011,5799,74810,0,MEMORY.md,accepted,0,patch applied and checks accepted it
2026-06-19T15:40:09Z,2026-06-19,2026-06-19-154009Z,unparseable,live,openrouter/free,openai/gpt-oss-120b:free | poolside/laguna-m.1-20260312:free | nvidia/nemotron-3-nano-omni-30b-a3b-reasoning-20260428:free,66536,13075,79611,0,,not_run,None,response was not exactly one fenced diff block
2026-06-19T17:32:05Z,2026-06-19,2026-06-19-173205Z,held,live,openrouter/free,liquid/lfm-2.5-1.2b-thinking-20260120:free | poolside/laguna-m.1-20260312:free | poolside/laguna-xs.2-20260421:free,69782,1877,71659,0,MEMORY.md site/index.html,not_run,None,git apply --check did not accept patch
2026-06-19T19:58:50Z,2026-06-19,2026-06-19-195850Z,held,live,openrouter/free,nvidia/nemotron-3-nano-omni-30b-a3b-reasoning-20260428:free | openai/gpt-oss-20b:free | openai/gpt-oss-120b:free,64632,2222,66854,0,MEMORY.md site/index.html,not_run,None,git apply --check did not accept patch
2026-06-19T22:07:18Z,2026-06-19,2026-06-19-220718Z,held,live,openrouter/free,liquid/lfm-2.5-1.2b-instruct-20260120:free | liquid/lfm-2.5-1.2b-instruct-20260120:free | nvidia/nemotron-3-nano-omni-30b-a3b-reasoning-20260428:free,70161,2442,72603,0,MEMORY.md,not_run,None,git apply --check did not accept patch
2026-06-20T01:19:49Z,2026-06-20,2026-06-20-011949Z,held,live,openrouter/free,nex-agi/nex-n2-pro:free | liquid/lfm-2.5-1.2b-instruct-20260120:free | cohere/north-mini-code-20260617:free,70350,2134,72484,0,MEMORY.md site/index.html,not_run,None,git apply --check did not accept patch
2026-06-20T03:47:51Z,2026-06-20,2026-06-20-034751Z,landed,live,openrouter/free,cohere/north-mini-code-20260617:free | openai/gpt-oss-120b:free | nvidia/nemotron-3-nano-omni-30b-a3b-reasoning-20260428:free,63057,15964,79021,0,MEMORY.md,accepted,0,patch applied and checks accepted it
2026-06-20T06:22:07Z,2026-06-20,2026-06-20-062207Z,held,live,openrouter/free,liquid/lfm-2.5-1.2b-thinking-20260120:free | nvidia/nemotron-3-super-120b-a12b-20230311:free | nvidia/nemotron-nano-9b-v2:free,71290,4781,76071,0,MEMORY.md site/index.html,not_run,None,git apply --check did not accept patch
2026-06-20T08:27:55Z,2026-06-20,2026-06-20-082755Z,held,live,openrouter/free,liquid/lfm-2.5-1.2b-instruct-20260120:free | nvidia/nemotron-3-nano-omni-30b-a3b-reasoning-20260428:free | nvidia/nemotron-3-super-120b-a12b-20230311:free,71655,3728,75383,0,MEMORY.md site/index.html,not_run,None,git apply --check did not accept patch
2026-06-20T10:34:19Z,2026-06-20,2026-06-20-103419Z,held,live,openrouter/free,openai/gpt-oss-120b:free | openai/gpt-oss-120b:free | openai/gpt-oss-120b:free,65062,1206,66268,0,MEMORY.md site/index.html,not_run,None,git apply --check did not accept patch
2026-06-20T12:51:11Z,2026-06-20,2026-06-20-125111Z,landed,live,openrouter/free,poolside/laguna-m.1-20260312:free | nvidia/nemotron-3-nano-omni-30b-a3b-reasoning-20260428:free | cohere/north-mini-code-20260617:free,70581,10842,81423,0,MEMORY.md site/index.html,accepted,0,patch applied and checks accepted it
2026-06-20T15:10:44Z,2026-06-20,2026-06-20-151044Z,held,live,openrouter/free,liquid/lfm-2.5-1.2b-thinking-20260120:free | nvidia/nemotron-nano-9b-v2:free | poolside/laguna-m.1-20260312:free,73710,3252,76962,0,MEMORY.md,not_run,None,git apply --check did not accept patch
2026-06-20T17:25:17Z,2026-06-20,2026-06-20-172517Z,held,live,openrouter/free,nvidia/nemotron-3-ultra-550b-a55b-20260604:free | liquid/lfm-2.5-1.2b-instruct-20260120:free | nex-agi/nex-n2-pro:free,73455,3881,77336,0,MEMORY.md,not_run,None,git apply --check did not accept patch
2026-06-20T19:54:18Z,2026-06-20,2026-06-20-195418Z,held,live,openrouter/free,liquid/lfm-2.5-1.2b-instruct-20260120:free | nvidia/nemotron-3-super-120b-a12b-20230311:free | nvidia/nemotron-nano-9b-v2:free,74161,5267,79428,0,MEMORY.md,not_run,None,git apply --check did not accept patch
2026-06-20T22:07:46Z,2026-06-20,2026-06-20-220746Z,held,live,openrouter/free,nvidia/nemotron-nano-12b-v2-vl:free | nex-agi/nex-n2-pro:free | nvidia/nemotron-3-super-120b-a12b-20230311:free,75240,1207,76447,0,MEMORY.md,not_run,None,git apply --check did not accept patch
2026-06-21T01:28:08Z,2026-06-21,2026-06-21-012808Z,held,live,openrouter/free,liquid/lfm-2.5-1.2b-thinking-20260120:free | nvidia/nemotron-3-nano-30b-a3b:free | liquid/lfm-2.5-1.2b-instruct-20260120:free,72479,1083,73562,0,MEMORY.md,not_run,None,git apply --check did not accept patch
2026-06-21T03:48:58Z,2026-06-21,2026-06-21-034858Z,unparseable,live,openrouter/free,liquid/lfm-2.5-1.2b-thinking-20260120:free | cohere/north-mini-code-20260617:free | liquid/lfm-2.5-1.2b-instruct-20260120:free,67033,2186,69219,0,### New line MEMORY.md,not_run,None,diff touched non-landing path ### New line
2026-06-21T06:30:50Z,2026-06-21,2026-06-21-063050Z,unparseable,live,openrouter/free,nvidia/nemotron-nano-12b-v2-vl:free | nex-agi/nex-n2-pro:free | cohere/north-mini-code-20260617:free,72011,12142,84153,0,,not_run,None,response was not exactly one fenced diff block
2026-06-21T08:46:33Z,2026-06-21,2026-06-21-084633Z,held,live,openrouter/free,nvidia/nemotron-3-ultra-550b-a55b-20260604:free | nvidia/nemotron-3-super-120b-a12b-20230311:free | openai/gpt-oss-120b:free,73763,2216,75979,0,MEMORY.md site/index.html,not_run,None,git apply --check did not accept patch
2026-06-21T10:51:26Z,2026-06-21,2026-06-21-105126Z,held,live,openrouter/free,nex-agi/nex-n2-pro:free | nvidia/nemotron-nano-9b-v2:free | nvidia/nemotron-nano-12b-v2-vl:free,78838,1118,79956,0,MEMORY.md,not_run,None,git apply --check did not accept patch
2026-06-21T12:56:08Z,2026-06-21,2026-06-21-125608Z,held,live,openrouter/free,nvidia/nemotron-nano-12b-v2-vl:free | nvidia/nemotron-3-super-120b-a12b-20230311:free | nvidia/nemotron-3-nano-omni-30b-a3b-reasoning-20260428:free,75981,2430,78411,0,MEMORY.md,not_run,None,git apply --check did not accept patch
2026-06-21T15:14:13Z,2026-06-21,2026-06-21-151413Z,held,live,openrouter/free,nvidia/nemotron-3-ultra-550b-a55b-20260604:free | liquid/lfm-2.5-1.2b-thinking-20260120:free | poolside/laguna-xs.2-20260421:free,77177,1784,78961,0,MEMORY.md site/index.html,not_run,None,git apply --check did not accept patch
2026-06-21T17:25:25Z,2026-06-21,2026-06-21-172525Z,held,live,openrouter/free,nvidia/nemotron-3-ultra-550b-a55b-20260604:free | nvidia/nemotron-3-nano-30b-a3b:free | openai/gpt-oss-120b:free,76865,2233,79098,0,MEMORY.md site/index.html,not_run,None,git apply --check did not accept patch
2026-06-21T19:57:31Z,2026-06-21,2026-06-21-195731Z,held,live,openrouter/free,nvidia/nemotron-nano-9b-v2:free | nvidia/nemotron-nano-9b-v2:free | poolside/laguna-xs.2-20260421:free,81513,3010,84523,0,MEMORY.md site/index.html,not_run,None,git apply --check did not accept patch
2026-06-21T22:09:14Z,2026-06-21,2026-06-21-220914Z,unparseable,live,openrouter/free,poolside/laguna-xs.2-20260421:free | nvidia/nemotron-nano-9b-v2:free | nvidia/nemotron-3-nano-omni-30b-a3b-reasoning-20260428:free,79840,14289,94129,0,,not_run,None,response was not exactly one fenced diff block
2026-06-22T01:28:10Z,2026-06-22,2026-06-22-012810Z,held,live,openrouter/free,liquid/lfm-2.5-1.2b-instruct-20260120:free | nvidia/nemotron-3-nano-omni-30b-a3b-reasoning-20260428:free | poolside/laguna-xs.2-20260421:free,77719,4822,82541,0,MEMORY.md site/index.html,not_run,None,git apply --check did not accept patch
2026-06-22T03:48:48Z,2026-06-22,2026-06-22-034848Z,landed,live,openrouter/free,nvidia/nemotron-nano-12b-v2-vl:free | liquid/lfm-2.5-1.2b-instruct-20260120:free | nvidia/nemotron-3-super-120b-a12b-20230311:free,77988,2348,80336,0,MEMORY.md,accepted,0,patch applied and checks accepted it
2026-06-22T06:41:51Z,2026-06-22,2026-06-22-064151Z,held,live,openrouter/free,nvidia/nemotron-nano-9b-v2:free | nvidia/nemotron-nano-12b-v2-vl:free | nvidia/nemotron-3-super-120b-a12b-20230311:free,80392,5668,86060,0,MEMORY.md site/index.html,not_run,None,git apply --check did not accept patch
2026-06-22T09:23:52Z,2026-06-22,2026-06-22-092352Z,held,live,openrouter/free,nvidia/nemotron-nano-12b-v2-vl:free | poolside/laguna-m.1-20260312:free | nvidia/nemotron-3-nano-omni-30b-a3b-reasoning-20260428:free,80129,4454,84583,0,MEMORY.md,not_run,None,git apply --check did not accept patch
2026-06-22T11:36:54Z,2026-06-22,2026-06-22-113654Z,held,live,openrouter/free,openai/gpt-oss-120b:free | poolside/laguna-xs.2-20260421:free | nvidia/nemotron-3-super-120b-a12b-20230311:free,78805,6394,85199,0,MEMORY.md site/index.html,not_run,None,git apply --check did not accept patch
2026-06-22T16:05:08Z,2026-06-22,2026-06-22-160508Z,held,live,openrouter/free,nvidia/nemotron-3-nano-30b-a3b:free | openai/gpt-oss-120b:free | nvidia/nemotron-3-nano-30b-a3b:free,79923,7358,87281,0,MEMORY.md site/index.html,not_run,None,git apply --check did not accept patch
2026-06-22T18:18:06Z,2026-06-22,2026-06-22-181806Z,held,live,openrouter/free,liquid/lfm-2.5-1.2b-instruct-20260120:free | poolside/laguna-m.1-20260312:free | nvidia/nemotron-nano-9b-v2:free,82250,2476,84726,0,MEMORY.md site/index.html,not_run,None,git apply --check did not accept patch
2026-06-22T20:18:12Z,2026-06-22,2026-06-22-201812Z,held,live,openrouter/free,poolside/laguna-m.1-20260312:free | openai/gpt-oss-120b:free | nvidia/nemotron-3-nano-30b-a3b:free,80587,8683,89270,0,MEMORY.md site/index.html,not_run,None,git apply --check did not accept patch
2026-06-22T22:22:16Z,2026-06-22,2026-06-22-222216Z,held,live,openrouter/free,poolside/laguna-xs.2-20260421:free | nvidia/nemotron-3-nano-30b-a3b:free | nvidia/nemotron-3-super-120b-a12b-20230311:free,85368,5188,90556,0,MEMORY.md site/index.html,not_run,None,git apply --check did not accept patch
2026-06-23T01:13:08Z,2026-06-23,2026-06-23-011308Z,landed,live,openrouter/free,openai/gpt-oss-120b:free | nvidia/nemotron-3-ultra-550b-a55b-20260604:free | nvidia/nemotron-3-nano-30b-a3b:free,81717,9547,91264,0,MEMORY.md,accepted,0,patch applied and checks accepted it
2026-06-23T03:47:20Z,2026-06-23,2026-06-23-034720Z,held,live,openrouter/free,openai/gpt-oss-120b:free | poolside/laguna-xs.2-20260421:free | nvidia/nemotron-3-nano-omni-30b-a3b-reasoning-20260428:free,80098,3710,83808,0,MEMORY.md,not_run,None,git apply --check did not accept patch
2026-06-23T06:17:50Z,2026-06-23,2026-06-23-061750Z,unparseable,live,openrouter/free,nvidia/nemotron-3-super-120b-a12b-20230311:free | nvidia/nemotron-3-super-120b-a12b-20230311:free | nvidia/nemotron-3-nano-omni-30b-a3b-reasoning-20260428:free,85306,11419,96725,0,,not_run,None,response was not exactly one fenced diff block
2026-06-23T08:31:45Z,2026-06-23,2026-06-23-083145Z,held,live,openrouter/free,nvidia/nemotron-nano-12b-v2-vl:free | nvidia/nemotron-nano-12b-v2-vl:free | poolside/laguna-m.1-20260312:free,83888,816,84704,0,MEMORY.md site/index.html,not_run,None,git apply --check did not accept patch
2026-06-23T10:47:51Z,2026-06-23,2026-06-23-104751Z,unparseable,live,openrouter/free,nvidia/nemotron-nano-12b-v2-vl:free | nvidia/nemotron-nano-9b-v2:free | nvidia/nemotron-3-nano-omni-30b-a3b-reasoning-20260428:free,83989,5538,89527,0,MEMORY.md+++ MEMORY.md,not_run,None,diff did not update MEMORY.md
2026-06-23T13:15:25Z,2026-06-23,2026-06-23-131525Z,held,live,openrouter/free,nvidia/nemotron-nano-12b-v2-vl:free | nvidia/nemotron-nano-9b-v2:free | nvidia/nemotron-3-super-120b-a12b-20230311:free,85489,3821,89310,0,MEMORY.md site/index.html,not_run,None,git apply --check did not accept patch
2026-06-23T15:32:07Z,2026-06-23,2026-06-23-153207Z,held,live,openrouter/free,nvidia/nemotron-3-ultra-550b-a55b-20260604:free | cohere/north-mini-code-20260617:free | poolside/laguna-xs.2-20260421:free,82391,2226,84617,0,MEMORY.md site/index.html,not_run,None,git apply --check did not accept patch
2026-06-23T20:00:56Z,2026-06-23,2026-06-23-200056Z,landed,live,openrouter/free,nvidia/nemotron-3-nano-30b-a3b:free | nvidia/nemotron-nano-9b-v2:free | poolside/laguna-xs.2-20260421:free,88697,2962,91659,0,MEMORY.md,accepted,0,patch applied and checks accepted it
2026-06-24T01:11:31Z,2026-06-24,2026-06-24-011131Z,held,live,openrouter/free,nvidia/nemotron-3-super-120b-a12b-20230311:free | poolside/laguna-m.1-20260312:free | poolside/laguna-m.1-20260312:free,87894,4419,92313,0,MEMORY.md site/index.html,not_run,None,git apply --check did not accept patch
2026-06-24T03:47:29Z,2026-06-24,2026-06-24-034729Z,held,live,openrouter/free,cohere/north-mini-code-20260617:free | poolside/laguna-xs.2-20260421:free | nvidia/nemotron-3-super-120b-a12b-20230311:free,83283,19492,102775,0,MEMORY.md site/index.html,not_run,None,git apply --check did not accept patch
2026-06-24T06:15:27Z,2026-06-24,2026-06-24-061527Z,held,live,openrouter/free,poolside/laguna-xs.2-20260421:free | nvidia/nemotron-nano-9b-v2:free | poolside/laguna-xs.2-20260421:free,89602,7149,96751,0,MEMORY.md site/index.html,not_run,None,git apply --check did not accept patch
2026-06-24T08:30:03Z,2026-06-24,2026-06-24-083003Z,landed,live,openrouter/free,nvidia/nemotron-3-super-120b-a12b-20230311:free | cohere/north-mini-code-20260617:free | nvidia/nemotron-3-super-120b-a12b-20230311:free,84963,20154,105117,0,MEMORY.md site/index.html,accepted,0,patch applied and checks accepted it
2026-06-24T10:37:32Z,2026-06-24,2026-06-24-103732Z,landed,live,openrouter/free,nvidia/nemotron-3-nano-30b-a3b:free | nvidia/nemotron-3-super-120b-a12b-20230311:free | cohere/north-mini-code-20260617:free,84903,8783,93686,0,MEMORY.md,accepted,0,patch applied and checks accepted it
2026-06-24T13:02:16Z,2026-06-24,2026-06-24-130216Z,landed,live,openrouter/free,openai/gpt-oss-120b:free | nvidia/nemotron-3-nano-30b-a3b:free | nvidia/nemotron-3-nano-30b-a3b:free,85856,6220,92076,0,MEMORY.md,accepted,0,patch applied and checks accepted it
2026-06-24T15:24:44Z,2026-06-24,2026-06-24-152444Z,held,live,openrouter/free,poolside/laguna-xs.2-20260421:free | nvidia/nemotron-nano-12b-v2-vl:free | openai/gpt-oss-120b:free,85764,2368,88132,0,MEMORY.md site/index.html,not_run,None,git apply --check did not accept patch
2026-06-24T17:32:10Z,2026-06-24,2026-06-24-173210Z,landed,live,openrouter/free,nvidia/nemotron-3-super-120b-a12b-20230311:free | poolside/laguna-xs.2-20260421:free | nvidia/nemotron-3-nano-omni-30b-a3b-reasoning-20260428:free,91615,15462,107077,0,MEMORY.md,accepted,0,patch applied and checks accepted it
2026-06-24T19:58:33Z,2026-06-24,2026-06-24-195833Z,unparseable,live,openrouter/free,nvidia/nemotron-3-ultra-550b-a55b-20260604:free | openai/gpt-oss-120b:free | nvidia/nemotron-3-super-120b-a12b-20230311:free,87699,13348,101047,0,,not_run,None,response was not exactly one fenced diff block
2026-06-24T22:09:13Z,2026-06-24,2026-06-24-220913Z,landed,live,openrouter/free,nvidia/nemotron-nano-9b-v2:free | poolside/laguna-xs.2-20260421:free | poolside/laguna-xs.2-20260421:free,96447,6893,103340,0,MEMORY.md site/index.html,accepted,0,patch applied and checks accepted it
2026-06-25T01:15:27Z,2026-06-25,2026-06-25-011527Z,held,live,openrouter/free,nvidia/nemotron-nano-12b-v2-vl:free | nvidia/nemotron-3-super-120b-a12b-20230311:free | poolside/laguna-xs.2-20260421:free,91596,4424,96020,0,MEMORY.md site/index.html,not_run,None,git apply --check did not accept patch
2026-06-25T03:47:39Z,2026-06-25,2026-06-25-034739Z,held,live,openrouter/free,poolside/laguna-m.1-20260312:free | poolside/laguna-m.1-20260312:free | poolside/laguna-xs.2-20260421:free,92923,2841,95764,0,MEMORY.md site/index.html,not_run,None,git apply --check did not accept patch
2026-06-25T06:17:09Z,2026-06-25,2026-06-25-061709Z,held,live,openrouter/free,nvidia/nemotron-nano-9b-v2:free | nvidia/nemotron-3-ultra-550b-a55b-20260604:free | openai/gpt-oss-120b:free,89942,2909,92851,0,MEMORY.md site/index.html,not_run,None,git apply --check did not accept patch
2026-06-25T08:29:38Z,2026-06-25,2026-06-25-082938Z,landed,live,openrouter/free,poolside/laguna-m.1-20260312:free | openai/gpt-oss-120b:free | nvidia/nemotron-3-nano-30b-a3b:free,89834,6435,96269,0,MEMORY.md,accepted,0,patch applied and checks accepted it
2026-06-25T10:36:11Z,2026-06-25,2026-06-25-103611Z,held,live,openrouter/free,poolside/laguna-xs.2-20260421:free | nvidia/nemotron-3-super-120b-a12b-20230311:free | poolside/laguna-m.1-20260312:free,93937,4422,98359,0,MEMORY.md site/index.html,not_run,None,git apply --check did not accept patch
2026-06-25T13:02:17Z,2026-06-25,2026-06-25-130217Z,held,live,openrouter/free,poolside/laguna-xs.2-20260421:free | poolside/laguna-m.1-20260312:free | openai/gpt-oss-120b:free,90640,4032,94672,0,MEMORY.md site/index.html,not_run,None,git apply --check did not accept patch
2026-06-25T15:28:25Z,2026-06-25,2026-06-25-152825Z,held,live,openrouter/free,nvidia/nemotron-nano-9b-v2:free | nvidia/nemotron-3-nano-omni-30b-a3b-reasoning-20260428:free | nvidia/nemotron-nano-9b-v2:free,94586,5874,100460,0,MEMORY.md,not_run,None,git apply --check did not accept patch
2026-06-25T17:33:51Z,2026-06-25,2026-06-25-173351Z,unparseable,live,openrouter/free,poolside/laguna-xs.2-20260421:free | nvidia/nemotron-3-nano-30b-a3b:free | nvidia/nemotron-3-nano-omni-30b-a3b-reasoning-20260428:free,95169,13646,108815,0,,not_run,None,response was not exactly one fenced diff block
2026-06-25T20:00:06Z,2026-06-25,2026-06-25-200006Z,unparseable,live,openrouter/free,nvidia/nemotron-nano-9b-v2:free | poolside/laguna-m.1-20260312:free | nvidia/nemotron-3-nano-omni-30b-a3b-reasoning-20260428:free,95110,10111,105221,0,MEMORY.md+++ MEMORY.md,not_run,None,diff did not update MEMORY.md
2026-06-25T22:11:44Z,2026-06-25,2026-06-25-221144Z,held,live,openrouter/free,nvidia/nemotron-3-nano-30b-a3b:free | nvidia/nemotron-3-super-120b-a12b-20230311:free | openai/gpt-oss-120b:free,90857,6630,97487,0,MEMORY.md site/index.html,not_run,None,git apply --check did not accept patch
2026-06-26T01:18:20Z,2026-06-26,2026-06-26-011820Z,held,live,openrouter/free,cohere/north-mini-code-20260617:free | nvidia/nemotron-3-ultra-550b-a55b-20260604:free | nvidia/nemotron-3-super-120b-a12b-20230311:free,106572,21095,127667,0,MEMORY.md site/index.html,not_run,None,git apply --check did not accept patch
2026-06-26T03:47:36Z,2026-06-26,2026-06-26-034736Z,landed,live,openrouter/free,nvidia/nemotron-nano-12b-v2-vl:free | nvidia/nemotron-3-nano-30b-a3b:free | poolside/laguna-m.1-20260312:free,99036,1133,100169,0,MEMORY.md,accepted,0,patch applied and checks accepted it
2026-06-26T06:18:34Z,2026-06-26,2026-06-26-061834Z,held,live,openrouter/free,nvidia/nemotron-nano-9b-v2:free | poolside/laguna-m.1-20260312:free | nvidia/nemotron-3-nano-30b-a3b:free,97414,4900,102314,0,MEMORY.md site/index.html,not_run,None,git apply --check did not accept patch
2026-06-26T08:31:44Z,2026-06-26,2026-06-26-083144Z,held,live,openrouter/free,cohere/north-mini-code-20260617:free | poolside/laguna-m.1-20260312:free | nvidia/nemotron-3-ultra-550b-a55b-20260604:free,93222,10941,104163,0,MEMORY.md site/index.html,not_run,None,git apply --check did not accept patch
2026-06-26T10:39:41Z,2026-06-26,2026-06-26-103941Z,held,live,openrouter/free,nvidia/nemotron-3-nano-omni-30b-a3b-reasoning-20260428:free | nvidia/nemotron-3-nano-omni-30b-a3b-reasoning-20260428:free | poolside/laguna-xs.2-20260421:free,96034,16406,112440,0,MEMORY.md site/index.html,not_run,None,git apply --check did not accept patch
2026-06-26T12:58:08Z,2026-06-26,2026-06-26-125808Z,unparseable,live,openrouter/free,poolside/laguna-xs.2-20260421:free | nvidia/nemotron-nano-9b-v2:free | cohere/north-mini-code-20260617:free,88422,5674,94096,0,,not_run,None,response was not exactly one fenced diff block
2026-06-26T15:18:23Z,2026-06-26,2026-06-26-151823Z,landed,live,openrouter/free,nvidia/nemotron-nano-12b-v2-vl:free | nvidia/nemotron-3-nano-30b-a3b:free | cohere/north-mini-code-20260617:free,90104,7503,97607,0,MEMORY.md site/index.html,accepted,0,patch applied and checks accepted it
2026-06-26T17:27:22Z,2026-06-26,2026-06-26-172722Z,held,live,openrouter/free,poolside/laguna-m.1-20260312:free | nvidia/nemotron-nano-9b-v2:free | poolside/laguna-xs.2-20260421:free,100259,5390,105649,0,MEMORY.md site/index.html,not_run,None,git apply --check did not accept patch
2026-06-26T19:58:57Z,2026-06-26,2026-06-26-195857Z,landed,live,openrouter/free,nvidia/nemotron-3-nano-omni-30b-a3b-reasoning-20260428:free | nvidia/nemotron-nano-12b-v2-vl:free | nvidia/nemotron-3-ultra-550b-a55b-20260604:free,95440,7448,102888,0,MEMORY.md site/index.html,accepted,0,patch applied and checks accepted it
2026-06-26T22:08:26Z,2026-06-26,2026-06-26-220826Z,landed,live,openrouter/free,nvidia/nemotron-nano-9b-v2:free | poolside/laguna-xs.2-20260421:free | nvidia/nemotron-3-nano-30b-a3b:free,98701,8683,107384,0,MEMORY.md,accepted,0,patch applied and checks accepted it
2026-06-27T01:13:54Z,2026-06-27,2026-06-27-011354Z,landed,live,openrouter/free,nvidia/nemotron-nano-9b-v2:free | poolside/laguna-m.1-20260312:free | nvidia/nemotron-3-nano-30b-a3b:free,97644,6152,103796,0,MEMORY.md,accepted,0,patch applied and checks accepted it
2026-06-27T03:47:10Z,2026-06-27,2026-06-27-034710Z,landed,live,openrouter/free,nvidia/nemotron-3-ultra-550b-a55b-20260604:free | nvidia/nemotron-nano-12b-v2-vl:free | poolside/laguna-m.1-20260312:free,96979,3139,100118,0,MEMORY.md site/index.html,accepted,0,patch applied and checks accepted it
2026-06-27T06:07:36Z,2026-06-27,2026-06-27-060736Z,held,live,openrouter/free,nvidia/nemotron-3-super-120b-a12b-20230311:free | poolside/laguna-xs.2-20260421:free | nvidia/nemotron-3-super-120b-a12b-20230311:free,100068,14175,114243,0,MEMORY.md site/index.html,not_run,None,git apply --check did not accept patch
2026-06-27T08:12:51Z,2026-06-27,2026-06-27-081251Z,held,live,openrouter/free,nvidia/nemotron-3-nano-omni-30b-a3b-reasoning-20260428:free | nvidia/nemotron-3-super-120b-a12b-20230311:free | nvidia/nemotron-3-super-120b-a12b-20230311:free,98416,24070,122486,0,MEMORY.md site/index.html,not_run,None,git apply --check did not accept patch
2026-06-27T10:25:18Z,2026-06-27,2026-06-27-102518Z,held,live,openrouter/free,poolside/laguna-xs.2-20260421:free | nvidia/nemotron-3-ultra-550b-a55b-20260604:free | poolside/laguna-m.1-20260312:free,99424,8093,107517,0,MEMORY.md site/index.html,not_run,None,git apply --check did not accept patch
2026-06-27T12:42:31Z,2026-06-27,2026-06-27-124231Z,held,live,openrouter/free,poolside/laguna-xs.2-20260421:free | nvidia/nemotron-3-ultra-550b-a55b-20260604:free | nvidia/nemotron-3-nano-omni-30b-a3b-reasoning-20260428:free,97758,7447,105205,0,MEMORY.md site/index.html,not_run,None,git apply --check did not accept patch
2026-06-27T15:00:49Z,2026-06-27,2026-06-27-150049Z,held,live,openrouter/free,poolside/laguna-xs.2-20260421:free | cohere/north-mini-code-20260617:free | poolside/laguna-m.1-20260312:free,92596,16938,109534,0,MEMORY.md site/index.html,not_run,None,git apply --check did not accept patch
2026-06-27T17:20:34Z,2026-06-27,2026-06-27-172034Z,held,live,openrouter/free,poolside/laguna-xs.2-20260421:free | nvidia/nemotron-3-super-120b-a12b-20230311:free | nvidia/nemotron-nano-9b-v2:free,98700,6561,105261,0,MEMORY.md site/index.html,not_run,None,git apply --check did not accept patch
